{"train/loss": 0.0, "train/grad_norm": 1.1866296517837327e-05, "train/learning_rate": 8.429118773946361e-07, "train/epoch": 30.0, "train/global_step": 10440, "_timestamp": 1740077744.36358, "_runtime": 3786.1780030727386, "_step": 22, "train_runtime": 3765.3914, "train_samples_per_second": 44.282, "train_steps_per_second": 2.773, "total_flos": 4.38711373707264e+16, "train_loss": 0.0002779322301230632, "train/predict_runtime": 12.1153, "train/predict_samples_per_second": 143.455, "train/predict_steps_per_second": 8.997, "_wandb": {"runtime": 3785}}