{"train/loss": 0.2168, "train/grad_norm": 0.6248378157615662, "train/learning_rate": 2.1072796934865904e-06, "train/epoch": 30.0, "train/global_step": 10440, "_timestamp": 1740213252.8029776, "_runtime": 1965.6570856571198, "_step": 22, "train_runtime": 1954.7504, "train_samples_per_second": 85.3, "train_steps_per_second": 5.341, "total_flos": 2.208761405190144e+16, "train_loss": 0.27231932161411565, "train/predict_runtime": 6.6656, "train/predict_samples_per_second": 260.743, "train/predict_steps_per_second": 16.353, "_wandb": {"runtime": 1965}}