{"train/loss": 0.0073, "train/grad_norm": 0.002323481719940901, "train/learning_rate": 5.6321839080459775e-06, "train/epoch": 2.0, "train/global_step": 696, "_timestamp": 1740070290.7145755, "_runtime": 280.11598443984985, "_step": 3, "train_runtime": 259.684, "train_samples_per_second": 42.806, "train_steps_per_second": 2.68, "total_flos": 2924742491381760.0, "train_loss": 0.00523685625133415, "train/predict_runtime": 12.1122, "train/predict_samples_per_second": 143.492, "train/predict_steps_per_second": 8.999, "_wandb": {"runtime": 279}}