{"train/loss": 0.0, "train/grad_norm": 8.830280950888891e-10, "train/learning_rate": 1.0611421477343266e-05, "train/epoch": 14.082867783985103, "train/global_step": 60500, "_timestamp": 1740102931.5490105, "_runtime": 21368.45932149887, "_step": 120}