{"train/loss": 0.3672, "train/grad_norm": 1.8457756042480469, "train/learning_rate": 1.1086474501108648e-07, "train/epoch": 30.0, "train/global_step": 108240, "_timestamp": 1740279407.0598538, "_runtime": 19660.619560718536, "_step": 218, "train_runtime": 19541.3511, "train_samples_per_second": 88.62, "train_steps_per_second": 5.539, "total_flos": 2.29399581422074e+17, "train_loss": 0.36763722595248677, "train/predict_runtime": 66.5247, "train/predict_samples_per_second": 262.865, "train/predict_steps_per_second": 16.43, "_wandb": {"runtime": 19660}}