{"train/loss": 0.0233, "train/grad_norm": 0.02066757157444954, "train/learning_rate": 3.9682539682539683e-07, "train/epoch": 30.0, "train/global_step": 2520, "_timestamp": 1740257750.4017437, "_runtime": 508.1239347457886, "_step": 7, "train_runtime": 507.1963, "train_samples_per_second": 78.845, "train_steps_per_second": 4.968, "total_flos": 5297202065849688.0, "train_loss": 0.11068685847142386, "train/predict_runtime": 1.2916, "train/predict_samples_per_second": 262.471, "train/predict_steps_per_second": 17.033, "_wandb": {"runtime": 507}}