{"train/loss": 0.0, "train/grad_norm": 1.0040068776362432e-09, "train/learning_rate": 5.103224309904895e-08, "train/epoch": 30.0, "train/global_step": 86220, "_timestamp": 1740149106.1111114, "_runtime": 30954.785798311234, "_step": 174, "train_runtime": 30772.8121, "train_samples_per_second": 44.818, "train_steps_per_second": 2.802, "total_flos": 3.628801364419584e+17, "train_loss": 4.389327132888698e-05, "train/predict_runtime": 101.5428, "train/predict_samples_per_second": 141.487, "train/predict_steps_per_second": 8.844, "_wandb": {"runtime": 30955}}