{"train/loss": 0.0, "train/grad_norm": 1.780080249869087e-10, "train/learning_rate": 5.103224309904895e-08, "train/epoch": 30.0, "train/global_step": 86220, "_timestamp": 1740179858.939288, "_runtime": 15796.646345853806, "_step": 174, "train_runtime": 15697.333, "train_samples_per_second": 87.861, "train_steps_per_second": 5.493, "total_flos": 1.8269771155236864e+17, "train_loss": 3.9653969745524565e-05, "train/predict_runtime": 55.4661, "train/predict_samples_per_second": 259.023, "train/predict_steps_per_second": 16.19, "_wandb": {"runtime": 15797}}