{"train/loss": 0.3708, "train/grad_norm": 1.4632197618484497, "train/learning_rate": 1.3045084996304511e-05, "train/epoch": 22.172949002217294, "train/global_step": 80000, "_timestamp": 1740399870.4545307, "_runtime": 88509.66280460358, "_step": 159}